identifier,cdot,pdot
1,c.196A>C,p.Asn66His
2,c.278T>G,p.Phe93Cys
3,c.47A>T,p.Asn16Ile
4,c.109A>T,p.Thr37Ser
5,c.283C>T,p.Leu95Phe
6,c.52_54delinsCCC,p.Met18Pro
7,c.10T>A,p.Ser4Thr
8,c.181_183del,p.Cys61del
9,c.269T>C,p.Ile90Thr
10,c.209A>C,p.Lys70Thr
11,c.169G>T,p.Gly57Trp
12,c.184C>A,p.Pro62Thr
13,c.121C>A,p.His41Asn
14,c.271_272insGCT,p.Ile90_Cys91insAla
15,c.268_269insGCT,p.Ile89_Ile90insAla
16,c.166A>G,p.Lys56Glu
17,c.79T>C,p.Cys27Arg
18,c.194A>C,p.Lys65Thr
19,c.229A>T,p.Thr77Ser
20,c.295_297delinsCCC,p.Leu99Pro
21,c.211A>G,p.Arg71Gly
22,c.298_300del,p.Glu100del
23,c.157A>T,p.Asn53Tyr
24,c.154C>A,p.Leu52Ile
25,c.179A>G,p.Gln60Arg
26,c.66_67insGCT,p.Leu22_Glu23insAla
27,c.16C>A,p.Leu6Ile
28,c.241_242insGCT,p.Ser80_Gln81insAla
29,c.26A>C,p.Glu9Ala
30,c.34C>A,p.Gln12Lys
31,c.191G>C,p.Cys64Ser
32,c.122A>C,p.His41Pro
33,c.97_99del,p.Glu33del
34,c.202_204del,p.Ile68del
35,c.91A>C,p.Ile31Leu
36,c.164A>C,p.Lys55Thr
37,c.23T>C,p.Val8Ala
38,c.163A>G,p.Lys55Glu
39,c.98A>C,p.Glu33Ala
40,c.85_87del,p.Glu29del
41,c.136T>C,p.Phe46Leu
42,c.274_276del,p.Ala92del
43,c.206C>A,p.Thr69Asn
44,c.250G>C,p.Glu84Gln
45,c.97G>A,p.Glu33Lys
46,c.124A>T,p.Ile42Leu
47,c.100_102del,p.Pro34del
48,c.19C>G,p.Arg7Gly
49,c.204A>G,p.Ile68Met
50,c.128T>C,p.Phe43Ser
51,c.56A>T,p.Gln19Leu
52,c.171_172insGCT,p.Gly57_Pro58insAla
53,c.50C>A,p.Ala17Asp
54,c.37_39delinsCCC,p.Asn13Pro
55,c.104T>C,p.Val35Ala
56,c.206C>A,p.Thr69Asn
57,c.271T>C,p.Cys91Arg
58,c.77T>C,p.Ile26Thr
59,c.182G>A,p.Cys61Tyr
60,c.289_291del,p.Thr97del
61,c.94A>C,p.Lys32Gln
62,c.96_97insGCT,p.Lys32_Glu33insAla
63,c.263A>T,p.Lys88Ile
64,c.35A>G,p.Gln12Arg
65,c.175T>A,p.Ser59Thr
66,c.206C>T,p.Thr69Ile
67,c.107C>G,p.Ser36Cys
68,c.211_213delinsCCC,p.Arg71Pro
69,c.139T>C,p.Cys47Arg
70,c.244_246del,p.Leu82del
71,c.222A>C,p.Gln74His
72,c.175T>C,p.Ser59Pro
73,c.148_150del,p.Lys50del
74,c.192_193insGCT,p.Cys64_Lys65insAla
75,c.46_48delinsCCC,p.Asn16Pro
76,c.22_24del,p.Val8del
77,c.250_252delinsCCC,p.Glu84Pro
78,c.54_55insGCT,p.Met18_Gln19insAla
79,c.134A>C,p.Lys45Thr
80,c.88_90del,p.Leu30del
81,c.289_290insGCT,p.Asp96_Thr97insAla
82,c.19_21del,p.Arg7del
83,c.298G>A,p.Glu100Lys
84,c.71G>A,p.Cys24Tyr
85,c.44T>A,p.Ile15Asn
86,c.130T>A,p.Cys44Ser
87,c.266T>A,p.Ile89Asn
88,c.149A>C,p.Lys50Thr
89,c.151_153del,p.Leu51del
90,c.146T>G,p.Leu49Arg
91,c.136T>C,p.Phe46Leu
92,c.247_249delinsCCC,p.Val83Pro
93,c.26A>G,p.Glu9Gly
94,c.235T>C,p.Phe79Leu
95,c.158A>T,p.Asn53Ile
96,c.127T>C,p.Phe43Leu
97,c.265_266insGCT,p.Lys88_Ile89insAla
98,c.97G>C,p.Glu33Gln
99,c.211_213delinsCCC,p.Arg71Pro
100,c.297G>C,p.Leu99Phe
101,c.97G>A,p.Glu33Lys
102,c.6T>G,p.Asp2Glu
103,c.118_120del,p.Asp40del
104,c.37A>G,p.Asn13Asp
105,c.4G>C,p.Asp2His
106,c.132C>G,p.Cys44Trp
107,c.238_240delinsCCC,p.Ser80Pro
108,c.152T>G,p.Leu51Arg
109,c.272G>C,p.Cys91Ser
110,c.27A>C,p.Glu9Asp
111,c.175T>A,p.Ser59Thr
112,c.87_88insGCT,p.Glu29_Leu30insAla
113,c.182G>C,p.Cys61Ser
114,c.120_121insGCT,p.Asp40_His41insAla
115,c.109A>T,p.Thr37Ser
116,c.11C>T,p.Ser4Phe
117,c.83T>C,p.Leu28Pro
118,c.213G>C,p.Arg71Ser
119,c.211_213del,p.Arg71del
120,c.103G>C,p.Val35Leu
121,c.268A>G,p.Ile90Val
122,c.55C>G,p.Gln19Glu
123,c.298_299insGCT,p.Leu99_Glu100insAla
124,c.166A>G,p.Lys56Glu
125,c.62T>G,p.Ile21Ser
126,c.286_288del,p.Asp96del
127,c.182G>A,p.Cys61Tyr
128,c.202_204del,p.Ile68del
129,c.220_222del,p.Gln74del
130,c.143T>C,p.Met48Thr
131,c.133_135delinsCCC,p.Lys45Pro
132,c.244C>A,p.Leu82Ile
133,c.53T>C,p.Met18Thr
134,c.244C>T,p.Leu82Phe
135,c.116G>T,p.Cys39Phe
136,c.164A>C,p.Lys55Thr
137,c.139_141del,p.Cys47del
138,c.25G>C,p.Glu9Gln
139,c.181T>G,p.Cys61Gly
140,c.272G>C,p.Cys91Ser
141,c.183_184insGCT,p.Cys61_Pro62insAla
142,c.159C>G,p.Asn53Lys
143,c.238A>G,p.Ser80Gly
144,c.238A>T,p.Ser80Cys
145,c.292_294delinsCCC,p.Gly98Pro
146,c.172C>T,p.Pro58Ser
147,c.199_201del,p.Asp67del
148,c.61A>G,p.Ile21Val
149,c.115_117delinsCCC,p.Cys39Pro
150,c.10T>A,p.Ser4Thr
151,c.93C>G,p.Ile31Met
152,c.226A>T,p.Ser76Cys
153,c.85G>A,p.Glu29Lys
154,c.257T>A,p.Leu86Gln
155,c.247_248insGCT,p.Leu82_Val83insAla
156,c.92T>G,p.Ile31Ser
157,c.117T>G,p.Cys39Trp
158,c.54_55insGCT,p.Met18_Gln19insAla
159,c.5A>C,p.Asp2Ala
160,c.22G>C,p.Val8Leu
161,c.229_230insGCT,p.Ser76_Thr77insAla
162,c.191G>C,p.Cys64Ser
163,c.155T>A,p.Leu52His
164,c.269T>C,p.Ile90Thr
165,c.295_297del,p.Leu99del
166,c.142A>C,p.Met48Leu
167,c.230C>G,p.Thr77Arg
168,c.41T>G,p.Val14Gly
169,c.14C>A,p.Ala5Asp
170,c.159C>G,p.Asn53Lys
171,c.140G>T,p.Cys47Phe
172,c.28_30del,p.Glu10del
173,c.64T>A,p.Leu22Ile
174,c.139_141del,p.Cys47del
175,c.295_297delinsCCC,p.Leu99Pro
176,c.151C>A,p.Leu51Ile
177,c.296T>C,p.Leu99Ser
178,c.83T>C,p.Leu28Pro
179,c.151C>G,p.Leu51Val
180,c.242A>C,p.Gln81Pro
181,c.272G>T,p.Cys91Phe
182,c.202_204delinsCCC,p.Ile68Pro
183,c.236T>A,p.Phe79Tyr
184,c.20G>T,p.Arg7Leu
185,c.166A>G,p.Lys56Glu
186,c.232_234delinsCCC,p.Arg78Pro
187,c.128T>G,p.Phe43Cys
188,c.275C>G,p.Ala92Gly
189,c.12_13insGCT,p.Ser4_Ala5insAla
190,c.134A>G,p.Lys45Arg
191,c.286_288del,p.Asp96del
192,c.295T>G,p.Leu99Val
193,c.230C>T,p.Thr77Met
194,c.172C>T,p.Pro58Ser
195,c.194A>G,p.Lys65Arg
196,c.100C>A,p.Pro34Thr
197,c.230C>A,p.Thr77Lys
198,c.240T>A,p.Ser80Arg
199,c.56A>C,p.Gln19Pro
200,c.229A>C,p.Thr77Pro
201,c.169G>A,p.Gly57Arg
202,c.209A>T,p.Lys70Ile
203,c.158A>G,p.Asn53Ser
204,c.274_276del,p.Ala92del
205,c.99A>C,p.Glu33Asp
206,c.174_175insGCT,p.Pro58_Ser59insAla
207,c.288C>G,p.Asp96Glu
208,c.199_201delinsCCC,p.Asp67Pro
209,c.271T>C,p.Cys91Arg
210,c.97_99delinsCCC,p.Glu33Pro
211,c.117T>G,p.Cys39Trp
212,c.214_216del,p.Ser72del
213,c.287A>G,p.Asp96Gly
214,c.74C>G,p.Pro25Arg
215,c.266T>C,p.Ile89Thr
216,c.247G>C,p.Val83Leu
217,c.136_138del,p.Phe46del
218,c.211_213delinsCCC,p.Arg71Pro
219,c.280C>A,p.Gln94Lys
220,c.166_168delinsCCC,p.Lys56Pro
221,c.124A>G,p.Ile42Val
222,c.76A>T,p.Ile26Phe
223,c.103G>C,p.Val35Leu
224,c.218T>C,p.Leu73Pro
225,c.241_242insGCT,p.Ser80_Gln81insAla
226,c.220C>G,p.Gln74Glu
227,c.9A>C,p.Leu3Phe
228,c.289A>G,p.Thr97Ala
229,c.197A>C,p.Asn66Thr
230,c.250G>A,p.Glu84Lys
231,c.183_184insGCT,p.Cys61_Pro62insAla
232,c.185C>A,p.Pro62His
233,c.250_252delinsCCC,p.Glu84Pro
234,c.87G>C,p.Glu29Asp
235,c.274_276del,p.Ala92del
236,c.209A>G,p.Lys70Arg
237,c.55C>A,p.Gln19Lys
238,c.263A>T,p.Lys88Ile
239,c.85_87delinsCCC,p.Glu29Pro
240,c.43_45del,p.Ile15del
241,c.247G>A,p.Val83Ile
242,c.53T>G,p.Met18Arg
243,c.176C>T,p.Ser59Leu
244,c.223G>A,p.Glu75Lys
245,c.199G>C,p.Asp67His
246,c.66A>C,p.Leu22Phe
247,c.236T>C,p.Phe79Ser
248,c.175T>C,p.Ser59Pro
249,c.185C>T,p.Pro62Leu
250,c.79_81delinsCCC,p.Cys27Pro
251,c.149A>T,p.Lys50Ile
252,c.41T>C,p.Val14Ala
253,c.76A>C,p.Ile26Leu
254,c.46_48delinsCCC,p.Asn16Pro
255,c.124A>T,p.Ile42Leu
256,c.137T>G,p.Phe46Cys
257,c.220_222del,p.Gln74del
258,c.35A>T,p.Gln12Leu
259,c.161A>T,p.Gln54Leu
260,c.42_43insGCT,p.Val14_Ile15insAla
261,c.82_84del,p.Leu28del
262,c.57G>C,p.Gln19His
263,c.124_126delinsCCC,p.Ile42Pro
264,c.277T>G,p.Phe93Val
265,c.185C>T,p.Pro62Leu
266,c.85_87del,p.Glu29del
267,c.75_76insGCT,p.Pro25_Ile26insAla
268,c.253_255del,p.Glu85del
269,c.163_165delinsCCC,p.Lys55Pro
270,c.170G>C,p.Gly57Ala
271,c.238A>T,p.Ser80Cys
272,c.31G>A,p.Val11Ile
273,c.130_132del,p.Cys44del
274,c.25G>A,p.Glu9Lys
275,c.55C>G,p.Gln19Glu
276,c.254A>C,p.Glu85Ala
277,c.205A>G,p.Thr69Ala
278,c.29A>C,p.Glu10Ala
279,c.247_249delinsCCC,p.Val83Pro
280,c.30A>C,p.Glu10Asp
281,c.112A>G,p.Lys38Glu
282,c.104T>A,p.Val35Asp
283,c.226_228del,p.Ser76del
284,c.278T>A,p.Phe93Tyr
285,c.221A>C,p.Gln74Pro
286,c.184C>A,p.Pro62Thr
287,c.45_46insGCT,p.Ile15_Asn16insAla
288,c.116G>T,p.Cys39Phe
289,c.153_154insGCT,p.Leu51_Leu52insAla
290,c.239G>A,p.Ser80Asn
291,c.61A>C,p.Ile21Leu
292,c.171_172insGCT,p.Gly57_Pro58insAla
293,c.128T>C,p.Phe43Ser
294,c.273_274insGCT,p.Cys91_Ala92insAla
295,c.117_118insGCT,p.Cys39_Asp40insAla
296,c.181_183delinsCCC,p.Cys61Pro
297,c.146T>G,p.Leu49Arg
298,c.235T>C,p.Phe79Leu
299,c.288C>G,p.Asp96Glu
300,c.55C>G,p.Gln19Glu
301,c.265_266insGCT,p.Lys88_Ile89insAla
302,c.10T>G,p.Ser4Ala
303,c.247G>A,p.Val83Ile
304,c.230C>G,p.Thr77Arg
305,c.103G>C,p.Val35Leu
306,c.257T>C,p.Leu86Pro
307,c.40_42del,p.Val14del
308,c.34_36del,p.Gln12del
309,c.197A>G,p.Asn66Ser
310,c.242A>G,p.Gln81Arg
311,c.98A>C,p.Glu33Ala
312,c.290C>A,p.Thr97Lys
313,c.178C>A,p.Gln60Lys
314,c.148_150delinsCCC,p.Lys50Pro
315,c.284T>A,p.Leu95His
316,c.20G>T,p.Arg7Leu
317,c.281A>G,p.Gln94Arg
318,c.40_42del,p.Val14del
319,c.66_67insGCT,p.Leu22_Glu23insAla
320,c.99A>C,p.Glu33Asp
321,c.61A>T,p.Ile21Phe
322,c.89T>G,p.Leu30Trp
323,c.273T>G,p.Cys91Trp
324,c.75_76insGCT,p.Pro25_Ile26insAla
325,c.113A>G,p.Lys38Arg
326,c.7_9delinsCCC,p.Leu3Pro
327,c.136_138delinsCCC,p.Phe46Pro
328,c.226A>G,p.Ser76Gly
329,c.139T>A,p.Cys47Ser
330,c.122A>G,p.His41Arg
331,c.91A>G,p.Ile31Val
332,c.41T>G,p.Val14Gly
333,c.19_21del,p.Arg7del
334,c.238_240del,p.Ser80del
335,c.233G>T,p.Arg78Ile
336,c.242A>T,p.Gln81Leu
337,c.200A>T,p.Asp67Val
338,c.122A>G,p.His41Arg
339,c.83T>C,p.Leu28Pro
340,c.25G>A,p.Glu9Lys
341,c.230C>G,p.Thr77Arg
342,c.103_105del,p.Val35del
343,c.155T>G,p.Leu52Arg
344,c.229_237del,p.Thr77_Phe79del
345,c.248T>G,p.Val83Gly
346,c.217_218insGCT,p.Ser72_Leu73insAla
347,c.122A>G,p.His41Arg
348,c.253G>C,p.Glu85Gln
349,c.50C>A,p.Ala17Asp
350,c.80G>C,p.Cys27Ser
351,c.79T>C,p.Cys27Arg
352,c.179A>G,p.Gln60Arg
353,c.20G>C,p.Arg7Pro
354,c.85G>A,p.Glu29Lys
355,c.93C>G,p.Ile31Met
356,c.28_30del,p.Glu10del
357,c.113A>C,p.Lys38Thr
358,c.265A>C,p.Ile89Leu
359,c.136T>A,p.Phe46Ile
360,c.61A>C,p.Ile21Leu
361,c.46A>C,p.Asn16His
362,c.84_85insGCT,p.Leu28_Glu29insAla
363,c.284T>A,p.Leu95His
364,c.275C>G,p.Ala92Gly
365,c.29A>G,p.Glu10Gly
366,c.232_234del,p.Arg78del
367,c.216C>A,p.Ser72Arg
368,c.250_252delinsCCC,p.Glu84Pro
369,c.280_282del,p.Gln94del
370,c.187_189del,p.Leu63del
371,c.262_263insGCT,p.Leu87_Lys88insAla
372,c.5A>T,p.Asp2Val
373,c.102_103insGCT,p.Pro34_Val35insAla
374,c.274G>T,p.Ala92Ser
375,c.79T>G,p.Cys27Gly
376,c.41T>A,p.Val14Asp
377,c.19C>A,p.Arg7Ser
378,c.212G>C,p.Arg71Thr
379,c.74C>G,p.Pro25Arg
380,c.98A>T,p.Glu33Val
381,c.194A>C,p.Lys65Thr
382,c.174_175insGCT,p.Pro58_Ser59insAla
383,c.40_41delinsCC,p.Val14Pro
384,c.196_198delinsCCC,p.Asn66Pro
385,c.179A>C,p.Gln60Pro
386,c.121C>T,p.His41Tyr
387,c.241C>G,p.Gln81Glu
388,c.20G>T,p.Arg7Leu
389,c.197A>G,p.Asn66Ser
390,c.226A>T,p.Ser76Cys
391,c.264A>C,p.Lys88Asn
392,c.208A>C,p.Lys70Gln
393,c.72T>G,p.Cys24Trp
394,c.282G>C,p.Gln94His
395,c.52_54delinsCCC,p.Met18Pro
396,c.124_126delinsCCC,p.Ile42Pro
397,c.274G>T,p.Ala92Ser
398,c.83T>A,p.Leu28Gln
399,c.56A>G,p.Gln19Arg
400,c.170G>C,p.Gly57Ala
401,c.88_90del,p.Leu30del
402,c.295_296insGCT,p.Gly98_Leu99insAla
403,c.238_240del,p.Ser80del
404,c.266T>G,p.Ile89Ser
405,c.131G>A,p.Cys44Tyr
406,c.229_231del,p.Thr77del
407,c.157A>C,p.Asn53His
408,c.274G>A,p.Ala92Thr
409,c.76A>C,p.Ile26Leu
410,c.238_240del,p.Ser80del
411,c.208_209insGCT,p.Thr69_Lys70insAla
412,c.289_291delinsCCC,p.Thr97Pro
413,c.22_24del,p.Val8del
414,c.152T>C,p.Leu51Pro
415,c.20G>A,p.Arg7His
416,c.161A>G,p.Gln54Arg
417,c.200A>C,p.Asp67Ala
418,c.95A>C,p.Lys32Thr
419,c.289_291del,p.Thr97del
420,c.116G>A,p.Cys39Tyr
421,c.103G>T,p.Val35Phe
422,c.61A>T,p.Ile21Phe
423,c.119A>T,p.Asp40Val
424,c.229_230insGCT,p.Ser76_Thr77insAla
425,c.206C>A,p.Thr69Asn
426,c.125T>C,p.Ile42Thr
427,c.75_77delinsGC,p.Ile26Ala
428,c.172_174del,p.Pro58del
429,c.158A>T,p.Asn53Ile
430,c.127T>G,p.Phe43Val
431,c.164A>C,p.Lys55Thr
432,c.213G>C,p.Arg71Ser
433,c.25_27del,p.Glu9del
434,c.278T>C,p.Phe93Ser
435,c.193_195del,p.Lys65del
436,c.118G>C,p.Asp40His
437,c.128T>G,p.Phe43Cys
438,c.191G>T,p.Cys64Phe
439,c.161A>T,p.Gln54Leu
440,c.295T>A,p.Leu99Met
441,c.190_192delinsCCC,p.Cys64Pro
442,c.174_175insGCT,p.Pro58_Ser59insAla
443,c.224A>G,p.Glu75Gly
444,c.242A>G,p.Gln81Arg
445,c.49G>A,p.Ala17Thr
446,c.142A>G,p.Met48Val
447,c.215G>T,p.Ser72Ile
448,c.80G>T,p.Cys27Phe
449,c.83T>C,p.Leu28Pro
450,c.256_258del,p.Leu86del
451,c.257T>G,p.Leu86Arg
452,c.27A>C,p.Glu9Asp
453,c.124_126del,p.Ile42del
454,c.250G>A,p.Glu84Lys
455,c.37_39del,p.Asn13del
456,c.63C>G,p.Ile21Met
457,c.212G>C,p.Arg71Thr
458,c.177_178insGCT,p.Ser59_Gln60insAla
459,c.266T>A,p.Ile89Asn
460,c.118_120del,p.Asp40del
461,c.244_245insGCT,p.Gln81_Leu82insAla
462,c.289_291delinsCCC,p.Thr97Pro
463,c.96G>C,p.Lys32Asn
464,c.182G>T,p.Cys61Phe
465,c.77T>A,p.Ile26Asn
466,c.35A>G,p.Gln12Arg
467,c.205_207del,p.Thr69del
468,c.66A>C,p.Leu22Phe
469,c.139_141del,p.Cys47del
470,c.169_171delinsCCC,p.Gly57Pro
471,c.30_31insGCT,p.Glu10_Val11insAla
472,c.112A>C,p.Lys38Gln
473,c.90G>C,p.Leu30Phe
474,c.202_204del,p.Ile68del
475,c.67_69del,p.Glu23del
476,c.163_165del,p.Lys55del
477,c.280_282del,p.Gln94del
478,c.116G>T,p.Cys39Phe
479,c.114_115insGCT,p.Lys38_Cys39insAla
480,c.211_213delinsCCC,p.Arg71Pro
481,c.211_212insGCT,p.Lys70_Arg71insAla
482,c.265_266insGCT,p.Lys88_Ile89insAla
483,c.149A>C,p.Lys50Thr
484,c.56A>C,p.Gln19Pro
485,c.74C>G,p.Pro25Arg
486,c.59A>T,p.Lys20Ile
487,c.96_97insGCT,p.Lys32_Glu33insAla
488,c.289_291delinsCCC,p.Thr97Pro
489,c.46_48del,p.Asn16del
490,c.184C>T,p.Pro62Ser
491,c.57_58insGCT,p.Gln19_Lys20insAla
492,c.26A>T,p.Glu9Val
493,c.189_190insGCT,p.Leu63_Cys64insAla
494,c.153_154insGCT,p.Leu51_Leu52insAla
495,c.172C>G,p.Pro58Ala
496,c.202_203insGCT,p.Asp67_Ile68insAla
497,c.194A>G,p.Lys65Arg
498,c.70T>G,p.Cys24Gly
499,c.280_282del,p.Gln94del
500,c.244C>G,p.Leu82Val
501,c.130T>G,p.Cys44Gly
502,c.52_54del,p.Met18del
503,c.127T>G,p.Phe43Val
504,c.95A>T,p.Lys32Met
505,c.37A>C,p.Asn13His
506,c.80G>A,p.Cys27Tyr
507,c.77T>C,p.Ile26Thr
508,c.173C>G,p.Pro58Arg
509,c.91_92delinsCC,p.Ile31Pro
510,c.179A>C,p.Gln60Pro
511,c.72T>G,p.Cys24Trp
512,c.268A>C,p.Ile90Leu
513,c.193_195delinsCCC,p.Lys65Pro
514,c.250G>C,p.Glu84Gln
515,c.214_215delinsCC,p.Ser72Pro
516,c.236T>G,p.Phe79Cys
517,c.218T>A,p.Leu73Gln
518,c.117T>G,p.Cys39Trp
519,c.124_126delinsCCC,p.Ile42Pro
520,c.271_272delinsCA,p.Cys91His
521,c.90_91insGCT,p.Leu30_Ile31insAla
522,c.270T>G,p.Ile90Met
523,c.194A>T,p.Lys65Met
524,c.192_193insGCT,p.Cys64_Lys65insAla
525,c.145C>A,p.Leu49Met
526,c.17T>G,p.Leu6Arg
527,c.76A>G,p.Ile26Val
528,c.214A>G,p.Ser72Gly
529,c.178_180del,p.Gln60del
530,c.212G>T,p.Arg71Met
531,c.152T>A,p.Leu51His
532,c.88T>A,p.Leu30Met
533,c.117T>G,p.Cys39Trp
534,c.143T>C,p.Met48Thr
535,c.288C>G,p.Asp96Glu
536,c.185C>T,p.Pro62Leu
537,c.184_186del,p.Pro62del
538,c.190T>C,p.Cys64Arg
539,c.299A>T,p.Glu100Val
540,c.292_294del,p.Gly98del
541,c.144G>C,p.Met48Ile
542,c.37A>G,p.Asn13Asp
543,c.13G>T,p.Ala5Ser
544,c.211_212insGCT,p.Lys70_Arg71insAla
545,c.238_240del,p.Ser80del
546,c.93C>G,p.Ile31Met
547,c.109A>T,p.Thr37Ser
548,c.116G>C,p.Cys39Ser
549,c.154_156del,p.Leu52del
550,c.271_273delinsCCC,p.Cys91Pro
551,c.93_94insGCT,p.Ile31_Lys32insAla
552,c.19_21del,p.Arg7del
553,c.109A>T,p.Thr37Ser
554,c.90_91insGCT,p.Leu30_Ile31insAla
555,c.118_120del,p.Asp40del
556,c.260T>G,p.Leu87Trp
557,c.115_117delinsCCC,p.Cys39Pro
558,c.200A>C,p.Asp67Ala
559,c.165G>C,p.Lys55Asn
560,c.217_218insGCT,p.Ser72_Leu73insAla
561,c.254A>T,p.Glu85Val
562,c.62T>C,p.Ile21Thr
563,c.105_106insGCT,p.Val35_Ser36insAla
564,c.95A>G,p.Lys32Arg
565,c.267C>G,p.Ile89Met
566,c.193_195del,p.Lys65del
567,c.101C>T,p.Pro34Leu
568,c.286_288del,p.Asp96del
569,c.274G>T,p.Ala92Ser
570,c.289_290insGCT,p.Asp96_Thr97insAla
571,c.10T>G,p.Ser4Ala
572,c.91_93del,p.Ile31del
573,c.89T>G,p.Leu30Trp
574,c.152T>G,p.Leu51Arg
575,c.138_139insGCT,p.Phe46_Cys47insAla
576,c.253G>C,p.Glu85Gln
577,c.232_234delinsCCC,p.Arg78Pro
578,c.195_196insGCT,p.Lys65_Asn66insAla
579,c.175_177del,p.Ser59del
580,c.239G>T,p.Ser80Ile
581,c.27_28insGCT,p.Glu9_Glu10insAla
582,c.250G>C,p.Glu84Gln
583,c.125T>C,p.Ile42Thr
584,c.224A>C,p.Glu75Ala
585,c.59A>C,p.Lys20Thr
586,c.125T>G,p.Ile42Arg
587,c.197A>T,p.Asn66Ile
588,c.45T>G,p.Ile15Met
589,c.215G>A,p.Ser72Asn
590,c.245T>G,p.Leu82Arg
591,c.139T>C,p.Cys47Arg
592,c.280C>G,p.Gln94Glu
593,c.244C>T,p.Leu82Phe
594,c.123_124insGCT,p.His41_Ile42insAla
595,c.266T>A,p.Ile89Asn
596,c.238_240delinsCCC,p.Ser80Pro
597,c.26A>C,p.Glu9Ala
598,c.250_251insGCT,p.Val83_Glu84insAla
599,c.145C>A,p.Leu49Met
600,c.91_93del,p.Ile31del
601,c.28_30del,p.Glu10del
602,c.299A>G,p.Glu100Gly
603,c.62T>A,p.Ile21Asn
604,c.109_111del,p.Thr37del
605,c.66A>C,p.Leu22Phe
606,c.4G>C,p.Asp2His
607,c.213G>C,p.Arg71Ser
608,c.71G>A,p.Cys24Tyr
609,c.63C>G,p.Ile21Met
610,c.20G>T,p.Arg7Leu
611,c.234A>C,p.Arg78Ser
612,c.39_40insGCT,p.Asn13_Val14insAla
613,c.125T>A,p.Ile42Lys
614,c.167A>T,p.Lys56Ile
615,c.5A>G,p.Asp2Gly
616,c.145C>A,p.Leu49Met
617,c.130T>A,p.Cys44Ser
618,c.103G>A,p.Val35Ile
619,c.49G>C,p.Ala17Pro
620,c.45_46insGCT,p.Ile15_Asn16insAla
621,c.77T>C,p.Ile26Thr
622,c.94A>C,p.Lys32Gln
623,c.82_84del,p.Leu28del
624,c.4G>A,p.Asp2Asn
625,c.117T>G,p.Cys39Trp
626,c.104T>G,p.Val35Gly
627,c.143T>G,p.Met48Arg
628,c.125T>G,p.Ile42Arg
629,c.26A>C,p.Glu9Ala
630,c.25_27del,p.Glu9del
631,c.216C>A,p.Ser72Arg
632,c.273_274insGCT,p.Cys91_Ala92insAla
633,c.26A>G,p.Glu9Gly
634,c.136T>C,p.Phe46Leu
635,c.91A>T,p.Ile31Phe
636,c.179A>T,p.Gln60Leu
637,c.173C>G,p.Pro58Arg
638,c.193A>G,p.Lys65Glu
639,c.283_284insGCT,p.Gln94_Leu95insAla
640,c.57_58insGCT,p.Gln19_Lys20insAla
641,c.37A>C,p.Asn13His
642,c.16C>T,p.Leu6Phe
643,c.73C>G,p.Pro25Ala
644,c.150_151insGCT,p.Lys50_Leu51insAla
645,c.92T>A,p.Ile31Asn
646,c.172C>A,p.Pro58Thr
647,c.280_282del,p.Gln94del
648,c.89T>C,p.Leu30Ser
649,c.53T>A,p.Met18Lys
650,c.255G>C,p.Glu85Asp
651,c.138_139insGCT,p.Phe46_Cys47insAla
652,c.79_81delinsCCC,p.Cys27Pro
653,c.259T>G,p.Leu87Val
654,c.64_66delinsCCC,p.Leu22Pro
655,c.163_165delinsCCC,p.Lys55Pro
656,c.289_291del,p.Thr97del
657,c.227G>A,p.Ser76Asn
658,c.157A>G,p.Asn53Asp
659,c.289A>G,p.Thr97Ala
660,c.292G>C,p.Gly98Arg
661,c.238_240del,p.Ser80del
662,c.71G>C,p.Cys24Ser
663,c.90G>C,p.Leu30Phe
664,c.82_84del,p.Leu28del
665,c.287A>T,p.Asp96Val
666,c.202A>T,p.Ile68Leu
667,c.23T>C,p.Val8Ala
668,c.239G>C,p.Ser80Thr
669,c.32T>C,p.Val11Ala
670,c.129_130insGCT,p.Phe43_Cys44insAla
671,c.277_279del,p.Phe93del
672,c.262A>G,p.Lys88Glu
673,c.233G>T,p.Arg78Ile
674,c.245T>A,p.Leu82His
675,c.170G>T,p.Gly57Val
676,c.70T>C,p.Cys24Arg
677,c.179A>C,p.Gln60Pro
678,c.40_41delinsCC,p.Val14Pro
679,c.73C>A,p.Pro25Thr
680,c.108_109insGCT,p.Ser36_Thr37insAla
681,c.124A>T,p.Ile42Leu
682,c.45_46insGCT,p.Ile15_Asn16insAla
683,c.290C>G,p.Thr97Arg
684,c.50C>A,p.Ala17Asp
685,c.24_25insGCT,p.Val8_Glu9insAla
686,c.72T>G,p.Cys24Trp
687,c.214_215delinsCC,p.Ser72Pro
688,c.24_25insGCT,p.Val8_Glu9insAla
689,c.262_264delinsCCC,p.Lys88Pro
690,c.86A>C,p.Glu29Ala
691,c.170G>C,p.Gly57Ala
692,c.26A>G,p.Glu9Gly
693,c.97_99del,p.Glu33del
694,c.11C>A,p.Ser4Tyr
695,c.292_293insGCT,p.Thr97_Gly98insAla
696,c.113A>C,p.Lys38Thr
697,c.72T>G,p.Cys24Trp
698,c.119A>C,p.Asp40Ala
699,c.232_234delinsCCC,p.Arg78Pro
700,c.152T>C,p.Leu51Pro
701,c.139T>A,p.Cys47Ser
702,c.217_219del,p.Leu73del
703,c.299A>T,p.Glu100Val
704,c.57G>C,p.Gln19His
705,c.22G>T,p.Val8Phe
706,c.296T>C,p.Leu99Ser
707,c.287A>T,p.Asp96Val
708,c.126A>G,p.Ile42Met
709,c.229_231del,p.Thr77del
710,c.289_291delinsCCC,p.Thr97Pro
711,c.195_196insGCT,p.Lys65_Asn66insAla
712,c.136_138delinsCCC,p.Phe46Pro
713,c.226_228delinsCCC,p.Ser76Pro
714,c.274G>T,p.Ala92Ser
715,c.22_24del,p.Val8del
716,c.277T>A,p.Phe93Ile
717,c.150_151insGCT,p.Lys50_Leu51insAla
718,c.298G>A,p.Glu100Lys
719,c.189_190insGCT,p.Leu63_Cys64insAla
720,c.11C>T,p.Ser4Phe
721,c.199G>C,p.Asp67His
722,c.151_153del,p.Leu51del
723,c.107C>A,p.Ser36Tyr
724,c.268_270del,p.Ile90del
725,c.268A>T,p.Ile90Phe
726,c.260T>G,p.Leu87Trp
727,c.121_123del,p.His41del
728,c.268A>C,p.Ile90Leu
729,c.104T>C,p.Val35Ala
730,c.214_215delinsCC,p.Ser72Pro
731,c.275C>A,p.Ala92Asp
732,c.262_264delinsCCC,p.Lys88Pro
733,c.14C>A,p.Ala5Asp
734,c.181T>C,p.Cys61Arg
735,c.116G>T,p.Cys39Phe
736,c.64T>A,p.Leu22Ile
737,c.263A>T,p.Lys88Ile
738,c.29A>T,p.Glu10Val
739,c.283C>G,p.Leu95Val
740,c.223G>C,p.Glu75Gln
741,c.41T>A,p.Val14Asp
742,c.277T>G,p.Phe93Val
743,c.94A>C,p.Lys32Gln
744,c.183_184insGCT,p.Cys61_Pro62insAla
745,c.52_54del,p.Met18del
746,c.196A>T,p.Asn66Tyr
747,c.159C>G,p.Asn53Lys
748,c.247G>T,p.Val83Phe
749,c.154_156del,p.Leu52del
750,c.128T>G,p.Phe43Cys
751,c.227G>C,p.Ser76Thr
752,c.196_198delinsCCC,p.Asn66Pro
753,c.141_142insGCT,p.Cys47_Met48insAla
754,c.278T>G,p.Phe93Cys
755,c.163_165delinsCCC,p.Lys55Pro
756,c.37A>C,p.Asn13His
757,c.141C>G,p.Cys47Trp
758,c.292_294delinsCCC,p.Gly98Pro
759,c.166A>C,p.Lys56Gln
760,c.286G>A,p.Asp96Asn
761,c.61_62delinsCC,p.Ile21Pro
762,c.9_10insGCT,p.Leu3_Ser4insAla
763,c.120C>G,p.Asp40Glu
764,c.131G>T,p.Cys44Phe
765,c.59A>G,p.Lys20Arg
766,c.76A>G,p.Ile26Val
767,c.187_189del,p.Leu63del
768,c.37A>T,p.Asn13Tyr
769,c.116G>T,p.Cys39Phe
770,c.101C>G,p.Pro34Arg
771,c.88_90del,p.Leu30del
772,c.235T>G,p.Phe79Val
773,c.273T>G,p.Cys91Trp
774,c.293G>A,p.Gly98Asp
775,c.47A>T,p.Asn16Ile
776,c.73C>T,p.Pro25Ser
777,c.22G>A,p.Val8Ile
778,c.260T>C,p.Leu87Ser
779,c.117_118insGCT,p.Cys39_Asp40insAla
780,c.102_103insGCT,p.Pro34_Val35insAla
781,c.269T>C,p.Ile90Thr
782,c.235_237delinsCCC,p.Phe79Pro
783,c.67_69delinsCCC,p.Glu23Pro
784,c.269T>C,p.Ile90Thr
785,c.18_19insGCT,p.Leu6_Arg7insAla
786,c.262_263insGCT,p.Leu87_Lys88insAla
787,c.220C>G,p.Gln74Glu
788,c.108_109insGCT,p.Ser36_Thr37insAla
789,c.27A>C,p.Glu9Asp
790,c.128T>C,p.Phe43Ser
791,c.290C>A,p.Thr97Lys
792,c.67G>C,p.Glu23Gln
793,c.48_49insGCT,p.Asn16_Ala17insAla
794,c.260T>C,p.Leu87Ser
795,c.173C>T,p.Pro58Leu
796,c.155T>C,p.Leu52Pro
797,c.220_222del,p.Gln74del
798,c.84_85insGCT,p.Leu28_Glu29insAla
799,c.185C>G,p.Pro62Arg
800,c.130T>C,p.Cys44Arg
801,c.187T>G,p.Leu63Val
802,c.166_168delinsCCC,p.Lys56Pro
803,c.19_21del,p.Arg7del
804,c.141_142insGCT,p.Cys47_Met48insAla
805,c.75_77delinsGC,p.Ile26Ala
806,c.275C>T,p.Ala92Val
807,c.32T>G,p.Val11Gly
808,c.157A>G,p.Asn53Asp
809,c.203T>C,p.Ile68Thr
810,c.69_70insGCT,p.Glu23_Cys24insAla
811,c.226A>G,p.Ser76Gly
812,c.143T>G,p.Met48Arg
813,c.166A>C,p.Lys56Gln
814,c.136T>G,p.Phe46Val
815,c.272G>C,p.Cys91Ser
816,c.124_126delinsCCC,p.Ile42Pro
817,c.16_18del,p.Leu6del
818,c.277T>C,p.Phe93Leu
819,c.137T>A,p.Phe46Tyr
820,c.140G>A,p.Cys47Tyr
821,c.14C>A,p.Ala5Asp
822,c.98A>C,p.Glu33Ala
823,c.134A>C,p.Lys45Thr
824,c.73C>T,p.Pro25Ser
825,c.134A>C,p.Lys45Thr
826,c.47A>G,p.Asn16Ser
827,c.28_30delinsCCC,p.Glu10Pro
828,c.121C>A,p.His41Asn
829,c.149A>C,p.Lys50Thr
830,c.77T>G,p.Ile26Ser
831,c.232A>G,p.Arg78Gly
832,c.248T>C,p.Val83Ala
833,c.233G>A,p.Arg78Lys
834,c.54G>C,p.Met18Ile
835,c.271T>C,p.Cys91Arg
836,c.128T>G,p.Phe43Cys
837,c.198T>G,p.Asn66Lys
838,c.202_204del,p.Ile68del
839,c.173C>G,p.Pro58Arg
840,c.29A>T,p.Glu10Val
841,c.71G>C,p.Cys24Ser
842,c.104T>C,p.Val35Ala
843,c.193_195del,p.Lys65del
844,c.221A>T,p.Gln74Leu
845,c.286G>A,p.Asp96Asn
846,c.93_94insGCT,p.Ile31_Lys32insAla
847,c.253G>C,p.Glu85Gln
848,c.58_60delinsCCC,p.Lys20Pro
849,c.232_233insGCT,p.Thr77_Arg78insAla
850,c.119A>G,p.Asp40Gly
851,c.79_81delinsCCC,p.Cys27Pro
852,c.298_299insGCT,p.Leu99_Glu100insAla
853,c.145C>G,p.Leu49Val
854,c.274G>T,p.Ala92Ser
855,c.173C>T,p.Pro58Leu
856,c.185C>G,p.Pro62Arg
857,c.212G>T,p.Arg71Met
858,c.162G>C,p.Gln54His
859,c.256_258del,p.Leu86del
860,c.138_139insGCT,p.Phe46_Cys47insAla
861,c.25_27delinsCCC,p.Glu9Pro
862,c.39_40insGCT,p.Asn13_Val14insAla
863,c.110C>A,p.Thr37Lys
864,c.86A>T,p.Glu29Val
865,c.149A>T,p.Lys50Ile
866,c.148A>G,p.Lys50Glu
867,c.259T>G,p.Leu87Val
868,c.31_33delinsCCC,p.Val11Pro
869,c.64_66delinsCCC,p.Leu22Pro
870,c.179A>C,p.Gln60Pro
871,c.91A>C,p.Ile31Leu
872,c.29A>G,p.Glu10Gly
873,c.127_129delinsCCC,p.Phe43Pro
874,c.221A>G,p.Gln74Arg
875,c.179A>T,p.Gln60Leu
876,c.241C>G,p.Gln81Glu
877,c.37A>G,p.Asn13Asp
878,c.104T>A,p.Val35Asp
879,c.200A>G,p.Asp67Gly
880,c.75_77delinsGC,p.Ile26Ala
881,c.26A>T,p.Glu9Val
882,c.124A>T,p.Ile42Leu
883,c.63C>G,p.Ile21Met
884,c.79T>C,p.Cys27Arg
885,c.56A>G,p.Gln19Arg
886,c.139T>C,p.Cys47Arg
887,c.165_166insGCT,p.Lys55_Lys56insAla
888,c.40G>T,p.Val14Phe
889,c.227G>A,p.Ser76Asn
890,c.230C>G,p.Thr77Arg
891,c.151C>T,p.Leu51Phe
892,c.151C>G,p.Leu51Val
893,c.64T>G,p.Leu22Val
894,c.77T>A,p.Ile26Asn
895,c.115T>C,p.Cys39Arg
896,c.274_276del,p.Ala92del
897,c.8T>C,p.Leu3Ser
898,c.56A>G,p.Gln19Arg
899,c.245T>G,p.Leu82Arg
900,c.164A>G,p.Lys55Arg
901,c.28G>C,p.Glu10Gln
902,c.182G>T,p.Cys61Phe
903,c.106_108del,p.Ser36del
904,c.293G>C,p.Gly98Ala
905,c.223_224insGCT,p.Gln74_Glu75insAla
906,c.35A>T,p.Gln12Leu
907,c.87_88insGCT,p.Glu29_Leu30insAla
908,c.85_87delinsCCC,p.Glu29Pro
909,c.178_180del,p.Gln60del
910,c.32T>A,p.Val11Glu
911,c.139T>G,p.Cys47Gly
912,c.202A>T,p.Ile68Leu
913,c.271T>C,p.Cys91Arg
914,c.222A>C,p.Gln74His
915,c.67G>A,p.Glu23Lys
916,c.278T>G,p.Phe93Cys
917,c.100C>A,p.Pro34Thr
918,c.211_212insGCT,p.Lys70_Arg71insAla
919,c.190_192delinsCCC,p.Cys64Pro
920,c.185C>T,p.Pro62Leu
921,c.110C>G,p.Thr37Arg
922,c.115_117delinsCCC,p.Cys39Pro
923,c.3_4insGCT,p.Met1_Asp2insAla
924,c.266T>G,p.Ile89Ser
925,c.298G>A,p.Glu100Lys
926,c.218T>G,p.Leu73Arg
927,c.214_215delinsCC,p.Ser72Pro
928,c.64T>G,p.Leu22Val
929,c.61A>C,p.Ile21Leu
930,c.5A>T,p.Asp2Val
931,c.92T>C,p.Ile31Thr
932,c.14C>A,p.Ala5Asp
933,c.254A>G,p.Glu85Gly
934,c.109A>T,p.Thr37Ser
935,c.82_84del,p.Leu28del
936,c.36_37insGCT,p.Gln12_Asn13insAla
937,c.11C>T,p.Ser4Phe
938,c.247_249del,p.Val83del
939,c.157A>G,p.Asn53Asp
940,c.80G>T,p.Cys27Phe
941,c.275C>T,p.Ala92Val
942,c.250_251insGCT,p.Val83_Glu84insAla
943,c.76_77delinsCC,p.Ile26Pro
944,c.166A>G,p.Lys56Glu
945,c.134A>T,p.Lys45Ile
946,c.239G>T,p.Ser80Ile
947,c.110C>A,p.Thr37Lys
948,c.199_201del,p.Asp67del
949,c.32T>C,p.Val11Ala
950,c.45T>G,p.Ile15Met
951,c.143T>A,p.Met48Lys
952,c.205_206insGCT,p.Ile68_Thr69insAla
953,c.272G>T,p.Cys91Phe
954,c.200A>T,p.Asp67Val
955,c.211_213del,p.Arg71del
956,c.60A>C,p.Lys20Asn
957,c.5A>G,p.Asp2Gly
958,c.12_13insGCT,p.Ser4_Ala5insAla
959,c.140G>A,p.Cys47Tyr
960,c.295_297delinsCCC,p.Leu99Pro
961,c.88_90del,p.Leu30del
962,c.277_279delinsCCC,p.Phe93Pro
963,c.256_258del,p.Leu86del
964,c.29A>C,p.Glu10Ala
965,c.217_218insGCT,p.Ser72_Leu73insAla
966,c.257T>C,p.Leu86Pro
967,c.269T>C,p.Ile90Thr
968,c.238_240del,p.Ser80del
969,c.124_126delinsCCC,p.Ile42Pro
970,c.49G>T,p.Ala17Ser
971,c.238A>T,p.Ser80Cys
972,c.278T>A,p.Phe93Tyr
973,c.83T>G,p.Leu28Arg
974,c.281A>C,p.Gln94Pro
975,c.79_81delinsCCC,p.Cys27Pro
976,c.5A>T,p.Asp2Val
977,c.225A>C,p.Glu75Asp
978,c.142_144del,p.Met48del
979,c.148A>C,p.Lys50Gln
980,c.158A>C,p.Asn53Thr
981,c.206C>A,p.Thr69Asn
982,c.197A>T,p.Asn66Ile
983,c.35A>G,p.Gln12Arg
984,c.91_93del,p.Ile31del
985,c.292G>A,p.Gly98Ser
986,c.174_175insGCT,p.Pro58_Ser59insAla
987,c.233G>A,p.Arg78Lys
988,c.64_66delinsCCC,p.Leu22Pro
989,c.295T>G,p.Leu99Val
990,c.76A>C,p.Ile26Leu
991,c.63_64insGCT,p.Ile21_Leu22insAla
992,c.84_85insGCT,p.Leu28_Glu29insAla
993,c.64T>G,p.Leu22Val
994,c.233G>T,p.Arg78Ile
995,c.187_189del,p.Leu63del
996,c.289A>G,p.Thr97Ala
997,c.206C>A,p.Thr69Asn
998,c.206C>T,p.Thr69Ile
999,c.22G>C,p.Val8Leu
1000,c.275C>G,p.Ala92Gly